Workbook

Sheet 연간 요약 대시보드
B2: 연간 수입/지출 종합 대시보드
B3: 1월~12월 월별 수입, 지출 및 잔액 추이 요약 (초기화 버전)
B5: 월별 | C5: 급여 수입 | D5: 지출 합계 | E5: 잔액 (여유자금) | F5: 저축률(%)
B6: 1월 | C6: ='1월'!E6 | D6: ='1월'!E16 | E6: ='1월'!E17 | F6: =IF(C6>0, E6/C6, 0)
B7: 2월 | C7: ='2월'!E6 | D7: ='2월'!E16 | E7: ='2월'!E17 | F7: =IF(C7>0, E7/C7, 0)
B8: 3월 | C8: ='3월'!E6 | D8: ='3월'!E16 | E8: ='3월'!E17 | F8: =IF(C8>0, E8/C8, 0)
B9: 4월 | C9: ='4월'!E6 | D9: ='4월'!E16 | E9: ='4월'!E17 | F9: =IF(C9>0, E9/C9, 0)
B10: 5월 | C10: ='5월'!E6 | D10: ='5월'!E16 | E10: ='5월'!E17 | F10: =IF(C10>0, E10/C10, 0)
B11: 6월 | C11: ='6월'!E6 | D11: ='6월'!E16 | E11: ='6월'!E17 | F11: =IF(C11>0, E11/C11, 0)
B12: 7월 | C12: ='7월'!E6 | D12: ='7월'!E16 | E12: ='7월'!E17 | F12: =IF(C12>0, E12/C12, 0)
B13: 8월 | C13: ='8월'!E6 | D13: ='8월'!E16 | E13: ='8월'!E17 | F13: =IF(C13>0, E13/C13, 0)
B14: 9월 | C14: ='9월'!E6 | D14: ='9월'!E16 | E14: ='9월'!E17 | F14: =IF(C14>0, E14/C14, 0)
B15: 10월 | C15: ='10월'!E6 | D15: ='10월'!E16 | E15: ='10월'!E17 | F15: =IF(C15>0, E15/C15, 0)
B16: 11월 | C16: ='11월'!E6 | D16: ='11월'!E16 | E16: ='11월'!E17 | F16: =IF(C16>0, E16/C16, 0)
B17: 12월 | C17: ='12월'!E6 | D17: ='12월'!E16 | E17: ='12월'!E17 | F17: =IF(C17>0, E17/C17, 0)
B18: 연간 총계 | C18: =SUM(C6:C17) | D18: =SUM(D6:D17) | E18: =SUM(E6:E17) | F18: =IF(C18>0, E18/C18, 0)

Sheet 1월
B2: 1월 수입 및 지출 내역서
B3: 1월 급여 수입 및 항목별 실제 지출 내역
B5: 번호 | C5: 구분 | D5: 항목명 | E5: 금액 | F5: 비율(%) | G5: 비고 / 세부내역
B6: - | C6: 수입 | D6: 급여 전체액 | E6: 0 | F6: =IF(E6>0, E6/E6, 0) | G6: 월 실수령액
B7: 1 | C7: 고정 지출 | D7: 대출금 | E7: 0 | F7: =IF($E$6>0, E7/$E$6, 0) | G7: 주택/신용 대출 원리금
B8: 2 | C8: 고정 지출 | D8: 관리비 및 도시가스료 | E8: 0 | F8: =IF($E$6>0, E8/$E$6, 0) | G8: 아파트 관리비, 가스 요금
B9: 3 | C9: 고정 지출 | D9: 보험료 | E9: 0 | F9: =IF($E$6>0, E9/$E$6, 0) | G9: 보장성/실손 보험료
B10: 4 | C10: 고정 지출 | D10: 우기 연금 | E10: 0 | F10: =IF($E$6>0, E10/$E$6, 0) | G10: 개인연금/저축성 연금
B11: 5 | C11: 변동 지출 | D11: 카드 할부 | E11: 0 | F11: =IF($E$6>0, E11/$E$6, 0) | G11: 카드 할부 대금
B12: 6 | C12: 변동 지출 | D12: 용돈 | E12: 0 | F12: =IF($E$6>0, E12/$E$6, 0) | G12: 개인 생활 용돈
B13: 7 | C13: 변동 지출 | D13: 식비 및 생활료 | E13: 0 | F13: =IF($E$6>0, E13/$E$6, 0) | G13: 장보기, 외식비, 생필품
B14: 8 | C14: 변동 지출 | D14: 통신/교통/차량유지비 | E14: 0 | F14: =IF($E$6>0, E14/$E$6, 0) | G14: 핸드폰비, 버스비, 기름값
B15: 9 | C15: 저축/투자 | D15: 저금 | E15: 0 | F15: =IF($E$6>0, E15/$E$6, 0) | G15: 비상금 및 자유 저축
C16: 지출 합계 | E16: =SUM(E7:E15) | F16: =IF($E$6>0, SUM(F7:F15), 0) | G16: 전체 총 지출 합계
C17: 잔액 (수입 - 지출) | E17: =E6-E16 | F17: =IF($E$6>0, E17/E6, 0) | G17: 당월 여유 자금

Sheet 2월
B2: 2월 수입 및 지출 내역서
B3: 2월 급여 수입 및 항목별 실제 지출 내역
B5: 번호 | C5: 구분 | D5: 항목명 | E5: 금액 | F5: 비율(%) | G5: 비고 / 세부내역
B6: - | C6: 수입 | D6: 급여 전체액 | E6: 0 | F6: =IF(E6>0, E6/E6, 0) | G6: 월 실수령액
B7: 1 | C7: 고정 지출 | D7: 대출금 | E7: 0 | F7: =IF($E$6>0, E7/$E$6, 0) | G7: 주택/신용 대출 원리금
B8: 2 | C8: 고정 지출 | D8: 관리비 및 도시가스료 | E8: 0 | F8: =IF($E$6>0, E8/$E$6, 0) | G8: 아파트 관리비, 가스 요금
B9: 3 | C9: 고정 지출 | D9: 보험료 | E9: 0 | F9: =IF($E$6>0, E9/$E$6, 0) | G9: 보장성/실손 보험료
B10: 4 | C10: 고정 지출 | D10: 우기 연금 | E10: 0 | F10: =IF($E$6>0, E10/$E$6, 0) | G10: 개인연금/저축성 연금
B11: 5 | C11: 변동 지출 | D11: 카드 할부 | E11: 0 | F11: =IF($E$6>0, E11/$E$6, 0) | G11: 카드 할부 대금
B12: 6 | C12: 변동 지출 | D12: 용돈 | E12: 0 | F12: =IF($E$6>0, E12/$E$6, 0) | G12: 개인 생활 용돈
B13: 7 | C13: 변동 지출 | D13: 식비 및 생활료 | E13: 0 | F13: =IF($E$6>0, E13/$E$6, 0) | G13: 장보기, 외식비, 생필품
B14: 8 | C14: 변동 지출 | D14: 통신/교통/차량유지비 | E14: 0 | F14: =IF($E$6>0, E14/$E$6, 0) | G14: 핸드폰비, 버스비, 기름값
B15: 9 | C15: 저축/투자 | D15: 저금 | E15: 0 | F15: =IF($E$6>0, E15/$E$6, 0) | G15: 비상금 및 자유 저축
C16: 지출 합계 | E16: =SUM(E7:E15) | F16: =IF($E$6>0, SUM(F7:F15), 0) | G16: 전체 총 지출 합계
C17: 잔액 (수입 - 지출) | E17: =E6-E16 | F17: =IF($E$6>0, E17/E6, 0) | G17: 당월 여유 자금

Sheet 3월
B2: 3월 수입 및 지출 내역서
B3: 3월 급여 수입 및 항목별 실제 지출 내역
B5: 번호 | C5: 구분 | D5: 항목명 | E5: 금액 | F5: 비율(%) | G5: 비고 / 세부내역
B6: - | C6: 수입 | D6: 급여 전체액 | E6: 0 | F6: =IF(E6>0, E6/E6, 0) | G6: 월 실수령액
B7: 1 | C7: 고정 지출 | D7: 대출금 | E7: 0 | F7: =IF($E$6>0, E7/$E$6, 0) | G7: 주택/신용 대출 원리금
B8: 2 | C8: 고정 지출 | D8: 관리비 및 도시가스료 | E8: 0 | F8: =IF($E$6>0, E8/$E$6, 0) | G8: 아파트 관리비, 가스 요금
B9: 3 | C9: 고정 지출 | D9: 보험료 | E9: 0 | F9: =IF($E$6>0, E9/$E$6, 0) | G9: 보장성/실손 보험료
B10: 4 | C10: 고정 지출 | D10: 우기 연금 | E10: 0 | F10: =IF($E$6>0, E10/$E$6, 0) | G10: 개인연금/저축성 연금
B11: 5 | C11: 변동 지출 | D11: 카드 할부 | E11: 0 | F11: =IF($E$6>0, E11/$E$6, 0) | G11: 카드 할부 대금
B12: 6 | C12: 변동 지출 | D12: 용돈 | E12: 0 | F12: =IF($E$6>0, E12/$E$6, 0) | G12: 개인 생활 용돈
B13: 7 | C13: 변동 지출 | D13: 식비 및 생활료 | E13: 0 | F13: =IF($E$6>0, E13/$E$6, 0) | G13: 장보기, 외식비, 생필품
B14: 8 | C14: 변동 지출 | D14: 통신/교통/차량유지비 | E14: 0 | F14: =IF($E$6>0, E14/$E$6, 0) | G14: 핸드폰비, 버스비, 기름값
B15: 9 | C15: 저축/투자 | D15: 저금 | E15: 0 | F15: =IF($E$6>0, E15/$E$6, 0) | G15: 비상금 및 자유 저축
C16: 지출 합계 | E16: =SUM(E7:E15) | F16: =IF($E$6>0, SUM(F7:F15), 0) | G16: 전체 총 지출 합계
C17: 잔액 (수입 - 지출) | E17: =E6-E16 | F17: =IF($E$6>0, E17/E6, 0) | G17: 당월 여유 자금

Sheet 4월
B2: 4월 수입 및 지출 내역서
B3: 4월 급여 수입 및 항목별 실제 지출 내역
B5: 번호 | C5: 구분 | D5: 항목명 | E5: 금액 | F5: 비율(%) | G5: 비고 / 세부내역
B6: - | C6: 수입 | D6: 급여 전체액 | E6: 0 | F6: =IF(E6>0, E6/E6, 0) | G6: 월 실수령액
B7: 1 | C7: 고정 지출 | D7: 대출금 | E7: 0 | F7: =IF($E$6>0, E7/$E$6, 0) | G7: 주택/신용 대출 원리금
B8: 2 | C8: 고정 지출 | D8: 관리비 및 도시가스료 | E8: 0 | F8: =IF($E$6>0, E8/$E$6, 0) | G8: 아파트 관리비, 가스 요금
B9: 3 | C9: 고정 지출 | D9: 보험료 | E9: 0 | F9: =IF($E$6>0, E9/$E$6, 0) | G9: 보장성/실손 보험료
B10: 4 | C10: 고정 지출 | D10: 우기 연금 | E10: 0 | F10: =IF($E$6>0, E10/$E$6, 0) | G10: 개인연금/저축성 연금
B11: 5 | C11: 변동 지출 | D11: 카드 할부 | E11: 0 | F11: =IF($E$6>0, E11/$E$6, 0) | G11: 카드 할부 대금
B12: 6 | C12: 변동 지출 | D12: 용돈 | E12: 0 | F12: =IF($E$6>0, E12/$E$6, 0) | G12: 개인 생활 용돈
B13: 7 | C13: 변동 지출 | D13: 식비 및 생활료 | E13: 0 | F13: =IF($E$6>0, E13/$E$6, 0) | G13: 장보기, 외식비, 생필품
B14: 8 | C14: 변동 지출 | D14: 통신/교통/차량유지비 | E14: 0 | F14: =IF($E$6>0, E14/$E$6, 0) | G14: 핸드폰비, 버스비, 기름값
B15: 9 | C15: 저축/투자 | D15: 저금 | E15: 0 | F15: =IF($E$6>0, E15/$E$6, 0) | G15: 비상금 및 자유 저축
C16: 지출 합계 | E16: =SUM(E7:E15) | F16: =IF($E$6>0, SUM(F7:F15), 0) | G16: 전체 총 지출 합계
C17: 잔액 (수입 - 지출) | E17: =E6-E16 | F17: =IF($E$6>0, E17/E6, 0) | G17: 당월 여유 자금

Sheet 5월
B2: 5월 수입 및 지출 내역서
B3: 5월 급여 수입 및 항목별 실제 지출 내역
B5: 번호 | C5: 구분 | D5: 항목명 | E5: 금액 | F5: 비율(%) | G5: 비고 / 세부내역
B6: - | C6: 수입 | D6: 급여 전체액 | E6: 0 | F6: =IF(E6>0, E6/E6, 0) | G6: 월 실수령액
B7: 1 | C7: 고정 지출 | D7: 대출금 | E7: 0 | F7: =IF($E$6>0, E7/$E$6, 0) | G7: 주택/신용 대출 원리금
B8: 2 | C8: 고정 지출 | D8: 관리비 및 도시가스료 | E8: 0 | F8: =IF($E$6>0, E8/$E$6, 0) | G8: 아파트 관리비, 가스 요금
B9: 3 | C9: 고정 지출 | D9: 보험료 | E9: 0 | F9: =IF($E$6>0, E9/$E$6, 0) | G9: 보장성/실손 보험료
B10: 4 | C10: 고정 지출 | D10: 우기 연금 | E10: 0 | F10: =IF($E$6>0, E10/$E$6, 0) | G10: 개인연금/저축성 연금
B11: 5 | C11: 변동 지출 | D11: 카드 할부 | E11: 0 | F11: =IF($E$6>0, E11/$E$6, 0) | G11: 카드 할부 대금
B12: 6 | C12: 변동 지출 | D12: 용돈 | E12: 0 | F12: =IF($E$6>0, E12/$E$6, 0) | G12: 개인 생활 용돈
B13: 7 | C13: 변동 지출 | D13: 식비 및 생활료 | E13: 0 | F13: =IF($E$6>0, E13/$E$6, 0) | G13: 장보기, 외식비, 생필품
B14: 8 | C14: 변동 지출 | D14: 통신/교통/차량유지비 | E14: 0 | F14: =IF($E$6>0, E14/$E$6, 0) | G14: 핸드폰비, 버스비, 기름값
B15: 9 | C15: 저축/투자 | D15: 저금 | E15: 0 | F15: =IF($E$6>0, E15/$E$6, 0) | G15: 비상금 및 자유 저축
C16: 지출 합계 | E16: =SUM(E7:E15) | F16: =IF($E$6>0, SUM(F7:F15), 0) | G16: 전체 총 지출 합계
C17: 잔액 (수입 - 지출) | E17: =E6-E16 | F17: =IF($E$6>0, E17/E6, 0) | G17: 당월 여유 자금

Sheet 6월
B2: 6월 수입 및 지출 내역서
B3: 6월 급여 수입 및 항목별 실제 지출 내역
B5: 번호 | C5: 구분 | D5: 항목명 | E5: 금액 | F5: 비율(%) | G5: 비고 / 세부내역
B6: - | C6: 수입 | D6: 급여 전체액 | E6: 0 | F6: =IF(E6>0, E6/E6, 0) | G6: 월 실수령액
B7: 1 | C7: 고정 지출 | D7: 대출금 | E7: 0 | F7: =IF($E$6>0, E7/$E$6, 0) | G7: 주택/신용 대출 원리금
B8: 2 | C8: 고정 지출 | D8: 관리비 및 도시가스료 | E8: 0 | F8: =IF($E$6>0, E8/$E$6, 0) | G8: 아파트 관리비, 가스 요금
B9: 3 | C9: 고정 지출 | D9: 보험료 | E9: 0 | F9: =IF($E$6>0, E9/$E$6, 0) | G9: 보장성/실손 보험료
B10: 4 | C10: 고정 지출 | D10: 우기 연금 | E10: 0 | F10: =IF($E$6>0, E10/$E$6, 0) | G10: 개인연금/저축성 연금
B11: 5 | C11: 변동 지출 | D11: 카드 할부 | E11: 0 | F11: =IF($E$6>0, E11/$E$6, 0) | G11: 카드 할부 대금
B12: 6 | C12: 변동 지출 | D12: 용돈 | E12: 0 | F12: =IF($E$6>0, E12/$E$6, 0) | G12: 개인 생활 용돈
B13: 7 | C13: 변동 지출 | D13: 식비 및 생활료 | E13: 0 | F13: =IF($E$6>0, E13/$E$6, 0) | G13: 장보기, 외식비, 생필품
B14: 8 | C14: 변동 지출 | D14: 통신/교통/차량유지비 | E14: 0 | F14: =IF($E$6>0, E14/$E$6, 0) | G14: 핸드폰비, 버스비, 기름값
B15: 9 | C15: 저축/투자 | D15: 저금 | E15: 0 | F15: =IF($E$6>0, E15/$E$6, 0) | G15: 비상금 및 자유 저축
C16: 지출 합계 | E16: =SUM(E7:E15) | F16: =IF($E$6>0, SUM(F7:F15), 0) | G16: 전체 총 지출 합계
C17: 잔액 (수입 - 지출) | E17: =E6-E16 | F17: =IF($E$6>0, E17/E6, 0) | G17: 당월 여유 자금

Sheet 7월
B2: 7월 수입 및 지출 내역서
B3: 7월 급여 수입 및 항목별 실제 지출 내역
B5: 번호 | C5: 구분 | D5: 항목명 | E5: 금액 | F5: 비율(%) | G5: 비고 / 세부내역
B6: - | C6: 수입 | D6: 급여 전체액 | E6: 0 | F6: =IF(E6>0, E6/E6, 0) | G6: 월 실수령액
B7: 1 | C7: 고정 지출 | D7: 대출금 | E7: 0 | F7: =IF($E$6>0, E7/$E$6, 0) | G7: 주택/신용 대출 원리금
B8: 2 | C8: 고정 지출 | D8: 관리비 및 도시가스료 | E8: 0 | F8: =IF($E$6>0, E8/$E$6, 0) | G8: 아파트 관리비, 가스 요금
B9: 3 | C9: 고정 지출 | D9: 보험료 | E9: 0 | F9: =IF($E$6>0, E9/$E$6, 0) | G9: 보장성/실손 보험료
B10: 4 | C10: 고정 지출 | D10: 우기 연금 | E10: 0 | F10: =IF($E$6>0, E10/$E$6, 0) | G10: 개인연금/저축성 연금
B11: 5 | C11: 변동 지출 | D11: 카드 할부 | E11: 0 | F11: =IF($E$6>0, E11/$E$6, 0) | G11: 카드 할부 대금
B12: 6 | C12: 변동 지출 | D12: 용돈 | E12: 0 | F12: =IF($E$6>0, E12/$E$6, 0) | G12: 개인 생활 용돈
B13: 7 | C13: 변동 지출 | D13: 식비 및 생활료 | E13: 0 | F13: =IF($E$6>0, E13/$E$6, 0) | G13: 장보기, 외식비, 생필품
B14: 8 | C14: 변동 지출 | D14: 통신/교통/차량유지비 | E14: 0 | F14: =IF($E$6>0, E14/$E$6, 0) | G14: 핸드폰비, 버스비, 기름값
B15: 9 | C15: 저축/투자 | D15: 저금 | E15: 0 | F15: =IF($E$6>0, E15/$E$6, 0) | G15: 비상금 및 자유 저축
C16: 지출 합계 | E16: =SUM(E7:E15) | F16: =IF($E$6>0, SUM(F7:F15), 0) | G16: 전체 총 지출 합계
C17: 잔액 (수입 - 지출) | E17: =E6-E16 | F17: =IF($E$6>0, E17/E6, 0) | G17: 당월 여유 자금

Sheet 8월
B2: 8월 수입 및 지출 내역서
B3: 8월 급여 수입 및 항목별 실제 지출 내역
B5: 번호 | C5: 구분 | D5: 항목명 | E5: 금액 | F5: 비율(%) | G5: 비고 / 세부내역
B6: - | C6: 수입 | D6: 급여 전체액 | E6: 0 | F6: =IF(E6>0, E6/E6, 0) | G6: 월 실수령액
B7: 1 | C7: 고정 지출 | D7: 대출금 | E7: 0 | F7: =IF($E$6>0, E7/$E$6, 0) | G7: 주택/신용 대출 원리금
B8: 2 | C8: 고정 지출 | D8: 관리비 및 도시가스료 | E8: 0 | F8: =IF($E$6>0, E8/$E$6, 0) | G8: 아파트 관리비, 가스 요금
B9: 3 | C9: 고정 지출 | D9: 보험료 | E9: 0 | F9: =IF($E$6>0, E9/$E$6, 0) | G9: 보장성/실손 보험료
B10: 4 | C10: 고정 지출 | D10: 우기 연금 | E10: 0 | F10: =IF($E$6>0, E10/$E$6, 0) | G10: 개인연금/저축성 연금
B11: 5 | C11: 변동 지출 | D11: 카드 할부 | E11: 0 | F11: =IF($E$6>0, E11/$E$6, 0) | G11: 카드 할부 대금
B12: 6 | C12: 변동 지출 | D12: 용돈 | E12: 0 | F12: =IF($E$6>0, E12/$E$6, 0) | G12: 개인 생활 용돈
B13: 7 | C13: 변동 지출 | D13: 식비 및 생활료 | E13: 0 | F13: =IF($E$6>0, E13/$E$6, 0) | G13: 장보기, 외식비, 생필품
B14: 8 | C14: 변동 지출 | D14: 통신/교통/차량유지비 | E14: 0 | F14: =IF($E$6>0, E14/$E$6, 0) | G14: 핸드폰비, 버스비, 기름값
B15: 9 | C15: 저축/투자 | D15: 저금 | E15: 0 | F15: =IF($E$6>0, E15/$E$6, 0) | G15: 비상금 및 자유 저축
C16: 지출 합계 | E16: =SUM(E7:E15) | F16: =IF($E$6>0, SUM(F7:F15), 0) | G16: 전체 총 지출 합계
C17: 잔액 (수입 - 지출) | E17: =E6-E16 | F17: =IF($E$6>0, E17/E6, 0) | G17: 당월 여유 자금

Sheet 9월
B2: 9월 수입 및 지출 내역서
B3: 9월 급여 수입 및 항목별 실제 지출 내역
B5: 번호 | C5: 구분 | D5: 항목명 | E5: 금액 | F5: 비율(%) | G5: 비고 / 세부내역
B6: - | C6: 수입 | D6: 급여 전체액 | E6: 0 | F6: =IF(E6>0, E6/E6, 0) | G6: 월 실수령액
B7: 1 | C7: 고정 지출 | D7: 대출금 | E7: 0 | F7: =IF($E$6>0, E7/$E$6, 0) | G7: 주택/신용 대출 원리금
B8: 2 | C8: 고정 지출 | D8: 관리비 및 도시가스료 | E8: 0 | F8: =IF($E$6>0, E8/$E$6, 0) | G8: 아파트 관리비, 가스 요금
B9: 3 | C9: 고정 지출 | D9: 보험료 | E9: 0 | F9: =IF($E$6>0, E9/$E$6, 0) | G9: 보장성/실손 보험료
B10: 4 | C10: 고정 지출 | D10: 우기 연금 | E10: 0 | F10: =IF($E$6>0, E10/$E$6, 0) | G10: 개인연금/저축성 연금
B11: 5 | C11: 변동 지출 | D11: 카드 할부 | E11: 0 | F11: =IF($E$6>0, E11/$E$6, 0) | G11: 카드 할부 대금
B12: 6 | C12: 변동 지출 | D12: 용돈 | E12: 0 | F12: =IF($E$6>0, E12/$E$6, 0) | G12: 개인 생활 용돈
B13: 7 | C13: 변동 지출 | D13: 식비 및 생활료 | E13: 0 | F13: =IF($E$6>0, E13/$E$6, 0) | G13: 장보기, 외식비, 생필품
B14: 8 | C14: 변동 지출 | D14: 통신/교통/차량유지비 | E14: 0 | F14: =IF($E$6>0, E14/$E$6, 0) | G14: 핸드폰비, 버스비, 기름값
B15: 9 | C15: 저축/투자 | D15: 저금 | E15: 0 | F15: =IF($E$6>0, E15/$E$6, 0) | G15: 비상금 및 자유 저축
C16: 지출 합계 | E16: =SUM(E7:E15) | F16: =IF($E$6>0, SUM(F7:F15), 0) | G16: 전체 총 지출 합계
C17: 잔액 (수입 - 지출) | E17: =E6-E16 | F17: =IF($E$6>0, E17/E6, 0) | G17: 당월 여유 자금

Sheet 10월
B2: 10월 수입 및 지출 내역서
B3: 10월 급여 수입 및 항목별 실제 지출 내역
B5: 번호 | C5: 구분 | D5: 항목명 | E5: 금액 | F5: 비율(%) | G5: 비고 / 세부내역
B6: - | C6: 수입 | D6: 급여 전체액 | E6: 0 | F6: =IF(E6>0, E6/E6, 0) | G6: 월 실수령액
B7: 1 | C7: 고정 지출 | D7: 대출금 | E7: 0 | F7: =IF($E$6>0, E7/$E$6, 0) | G7: 주택/신용 대출 원리금
B8: 2 | C8: 고정 지출 | D8: 관리비 및 도시가스료 | E8: 0 | F8: =IF($E$6>0, E8/$E$6, 0) | G8: 아파트 관리비, 가스 요금
B9: 3 | C9: 고정 지출 | D9: 보험료 | E9: 0 | F9: =IF($E$6>0, E9/$E$6, 0) | G9: 보장성/실손 보험료
B10: 4 | C10: 고정 지출 | D10: 우기 연금 | E10: 0 | F10: =IF($E$6>0, E10/$E$6, 0) | G10: 개인연금/저축성 연금
B11: 5 | C11: 변동 지출 | D11: 카드 할부 | E11: 0 | F11: =IF($E$6>0, E11/$E$6, 0) | G11: 카드 할부 대금
B12: 6 | C12: 변동 지출 | D12: 용돈 | E12: 0 | F12: =IF($E$6>0, E12/$E$6, 0) | G12: 개인 생활 용돈
B13: 7 | C13: 변동 지출 | D13: 식비 및 생활료 | E13: 0 | F13: =IF($E$6>0, E13/$E$6, 0) | G13: 장보기, 외식비, 생필품
B14: 8 | C14: 변동 지출 | D14: 통신/교통/차량유지비 | E14: 0 | F14: =IF($E$6>0, E14/$E$6, 0) | G14: 핸드폰비, 버스비, 기름값
B15: 9 | C15: 저축/투자 | D15: 저금 | E15: 0 | F15: =IF($E$6>0, E15/$E$6, 0) | G15: 비상금 및 자유 저축
C16: 지출 합계 | E16: =SUM(E7:E15) | F16: =IF($E$6>0, SUM(F7:F15), 0) | G16: 전체 총 지출 합계
C17: 잔액 (수입 - 지출) | E17: =E6-E16 | F17: =IF($E$6>0, E17/E6, 0) | G17: 당월 여유 자금

Sheet 11월
B2: 11월 수입 및 지출 내역서
B3: 11월 급여 수입 및 항목별 실제 지출 내역
B5: 번호 | C5: 구분 | D5: 항목명 | E5: 금액 | F5: 비율(%) | G5: 비고 / 세부내역
B6: - | C6: 수입 | D6: 급여 전체액 | E6: 0 | F6: =IF(E6>0, E6/E6, 0) | G6: 월 실수령액
B7: 1 | C7: 고정 지출 | D7: 대출금 | E7: 0 | F7: =IF($E$6>0, E7/$E$6, 0) | G7: 주택/신용 대출 원리금
B8: 2 | C8: 고정 지출 | D8: 관리비 및 도시가스료 | E8: 0 | F8: =IF($E$6>0, E8/$E$6, 0) | G8: 아파트 관리비, 가스 요금
B9: 3 | C9: 고정 지출 | D9: 보험료 | E9: 0 | F9: =IF($E$6>0, E9/$E$6, 0) | G9: 보장성/실손 보험료
B10: 4 | C10: 고정 지출 | D10: 우기 연금 | E10: 0 | F10: =IF($E$6>0, E10/$E$6, 0) | G10: 개인연금/저축성 연금
B11: 5 | C11: 변동 지출 | D11: 카드 할부 | E11: 0 | F11: =IF($E$6>0, E11/$E$6, 0) | G11: 카드 할부 대금
B12: 6 | C12: 변동 지출 | D12: 용돈 | E12: 0 | F12: =IF($E$6>0, E12/$E$6, 0) | G12: 개인 생활 용돈
B13: 7 | C13: 변동 지출 | D13: 식비 및 생활료 | E13: 0 | F13: =IF($E$6>0, E13/$E$6, 0) | G13: 장보기, 외식비, 생필품
B14: 8 | C14: 변동 지출 | D14: 통신/교통/차량유지비 | E14: 0 | F14: =IF($E$6>0, E14/$E$6, 0) | G14: 핸드폰비, 버스비, 기름값
B15: 9 | C15: 저축/투자 | D15: 저금 | E15: 0 | F15: =IF($E$6>0, E15/$E$6, 0) | G15: 비상금 및 자유 저축
C16: 지출 합계 | E16: =SUM(E7:E15) | F16: =IF($E$6>0, SUM(F7:F15), 0) | G16: 전체 총 지출 합계
C17: 잔액 (수입 - 지출) | E17: =E6-E16 | F17: =IF($E$6>0, E17/E6, 0) | G17: 당월 여유 자금

Sheet 12월
B2: 12월 수입 및 지출 내역서
B3: 12월 급여 수입 및 항목별 실제 지출 내역
B5: 번호 | C5: 구분 | D5: 항목명 | E5: 금액 | F5: 비율(%) | G5: 비고 / 세부내역
B6: - | C6: 수입 | D6: 급여 전체액 | E6: 0 | F6: =IF(E6>0, E6/E6, 0) | G6: 월 실수령액
B7: 1 | C7: 고정 지출 | D7: 대출금 | E7: 0 | F7: =IF($E$6>0, E7/$E$6, 0) | G7: 주택/신용 대출 원리금
B8: 2 | C8: 고정 지출 | D8: 관리비 및 도시가스료 | E8: 0 | F8: =IF($E$6>0, E8/$E$6, 0) | G8: 아파트 관리비, 가스 요금
B9: 3 | C9: 고정 지출 | D9: 보험료 | E9: 0 | F9: =IF($E$6>0, E9/$E$6, 0) | G9: 보장성/실손 보험료
B10: 4 | C10: 고정 지출 | D10: 우기 연금 | E10: 0 | F10: =IF($E$6>0, E10/$E$6, 0) | G10: 개인연금/저축성 연금
B11: 5 | C11: 변동 지출 | D11: 카드 할부 | E11: 0 | F11: =IF($E$6>0, E11/$E$6, 0) | G11: 카드 할부 대금
B12: 6 | C12: 변동 지출 | D12: 용돈 | E12: 0 | F12: =IF($E$6>0, E12/$E$6, 0) | G12: 개인 생활 용돈
B13: 7 | C13: 변동 지출 | D13: 식비 및 생활료 | E13: 0 | F13: =IF($E$6>0, E13/$E$6, 0) | G13: 장보기, 외식비, 생필품
B14: 8 | C14: 변동 지출 | D14: 통신/교통/차량유지비 | E14: 0 | F14: =IF($E$6>0, E14/$E$6, 0) | G14: 핸드폰비, 버스비, 기름값
B15: 9 | C15: 저축/투자 | D15: 저금 | E15: 0 | F15: =IF($E$6>0, E15/$E$6, 0) | G15: 비상금 및 자유 저축
C16: 지출 합계 | E16: =SUM(E7:E15) | F16: =IF($E$6>0, SUM(F7:F15), 0) | G16: 전체 총 지출 합계
C17: 잔액 (수입 - 지출) | E17: =E6-E16 | F17: =IF($E$6>0, E17/E6, 0) | G17: 당월 여유 자금
